name,rarity,color_identity
Along the Crooked Way,rare,B
An Unexpected Party,rare,W
Attercop,common,G
"Azog, Moria's Ruin",rare,B
"Balin, Loremaster",rare,R
Bard the Bowman,uncommon,Multicolor
Bard's Company,rare,Multicolor
"Bard, King of Dale",mythic,Multicolor
Bejeweled Warg,rare,G
Belladonna Took,rare,W
Beorn the Fierce,mythic,G
Beorn's Hospitality,uncommon,G
"Beorn, Reluctant Host",common,G
"Bifur, Melodic Rider",uncommon,Multicolor
"Bilbo Baggins, Burglar",common,U
Bilbo's Deadly Slice,common,B
Bilbo's Gambit,rare,W
"Bilbo, Luckwearer",uncommon,U
"Bilbo, Thief in the Night",mythic,U
"Bofur, Reliable Guardian",uncommon,W
Bolg of the North,uncommon,Multicolor
Bolg's Company,rare,Multicolor
"Bombur, Gentle Dreamer",uncommon,R
Bothersome Noisemaker,uncommon,R
Boughside Wanderers,common,G
"Burn, Burn, Tree and Fern",uncommon,R
Cantankerous Keepers,rare,G
Celebrate the Mountain-king,uncommon,W
Chief Warg's Company,rare,Multicolor
Confusticate and Bebother,common,U
Crude Bent Blade,common,B
Dancing from Dark to Dawn,mythic,G
Desert Were-Worm,rare,R
Desolation Prowler,uncommon,B
Desolation of Smaug,rare,R
"Dori, Bearer of Friends",common,R
Down in the Valley,rare,G
"Down, Down to Goblin-town",uncommon,B
Dreaded Bat-Cloud,uncommon,B
Duskwatch Hunter,common,Multicolor
"Dwalin, Weaponmaster",rare,Multicolor
Dwarven Mattock,uncommon,Colorless
Dwarven Mauler,uncommon,R
Dwarven Provisioner,common,W
Dwarven Shortsword,common,W
Dáin Ironfoot,rare,R
Dáin's Company,rare,Multicolor
"Dáin, Lord of the Iron Hills",uncommon,W
Eagle of the Great Shelf,uncommon,W
Eagle's Rescue,uncommon,Multicolor
"Elrond, Moon-Reader",mythic,U
Elven Passage,rare,Colorless
Elven Raft-Steerer,uncommon,U
Elvenking's Halls,common,Multicolor
Elvenking's Harper,common,U
Enchanted River's Grasp,common,U
Esgaroth Garrison,common,W
Fateful Discovery,mythic,U
Fearsome Goblin Pair,uncommon,Multicolor
Front Porch Sentries,common,B
Fíli the Pathfinder,rare,W
"Galion, Elvenking's Butler",uncommon,G
"Gandalf, Goblins' Bane",mythic,R
"Gandalf, Spark Starter",uncommon,R
"Gandalf, Wandering Wizard",common,U
Gathering of Darkness,uncommon,B
Getaway Barrel,rare,R
Giant's Boulder,common,Colorless
Gigantic Big Bear,rare,G
"Glamdring, Foe-hammer",rare,U
Gleaming Splendor,mythic,W
Glóin the Mighty,uncommon,R
Gnashing of Teeth,uncommon,B
Goblin Plate Mail,common,Multicolor
Goblin-town,common,Multicolor
Goblin-town Flunkies,common,R
Gollum the Abandoned,uncommon,B
"Gollum, Riddle Master",mythic,B
"Gollum, Silent Slinker",common,B
Great Fierce Bee,common,B
Great Gilded Boat,rare,U
Great Ugly-Looking Goblin,uncommon,B
Guardian of the Halls,common,G
Gundabad Opportunist,common,R
Head of the Hunt,rare,B
Hobbit Hole,common,Colorless
Inside Information,mythic,B
Iron Hills,common,Multicolor
Iron Hills Blacksmith,uncommon,W
Iron Hills Stalwart,common,R
Key to the Side-Door,uncommon,Colorless
Kíli the Resourceful,rare,W
Lake-town,common,Multicolor
Lake-town Lookout,common,W
Lake-town Mariners,uncommon,U
Lake-town Toymaker,uncommon,W
Lakeshore Apothecary,common,U
Large Bear,uncommon,Multicolor
Last Light of Durin's Day,rare,R
Little Bear,common,G
Long Lake Nuisance,common,U
Long-Bodied Grey Dog,common,Colorless
Magnificent End,common,W
Master's Councillors,uncommon,U
Mirkwood,common,Multicolor
Mirkwood Meditator,common,U
Mirkwood Nurturer,common,Multicolor
Mirkwood Pathmaker,uncommon,G
Misty Mountains Raider,uncommon,R
Moment of Glory,common,W
Most Decrepit Old Bird,rare,U
My Precious,rare,B
Nasty Little Rabbit,uncommon,G
Nighthowl Pursuer,uncommon,B
"Nori, Teller of Tales",common,Multicolor
Old Fat Spider,uncommon,G
Old Fat Spider Can't See Me,uncommon,U
Old Thrush,common,Colorless
"Orcrist, Goblin-cleaver",mythic,Colorless
Ordinary Bear,common,G
"Ori, Keeper of Songs",common,W
Part in Friendship,rare,G
Patient Instructor,common,Multicolor
Pinecone Strike,common,R
Plunder the Trollshaws,common,U
Quarrel,common,G
Radagast of Rhosgobel,rare,G
Rage into the Valley,common,B
Ragged Short Spear,common,R
Ravenhill Flock,uncommon,U
Ravening Warg,common,B
Reverent Howl,common,B
Rhovanion Rampager,rare,B
Riddles in the Dark,rare,U
"Roads Go Ever, Ever On",rare,W
Roll-Roll-Roll-Roll,rare,U
Settle the Wreckage,rare,W
Silvan Reveler,uncommon,Multicolor
Smaug the Magnificent,mythic,R
Smaug's Fury,common,R
"Smaug, Wicked Worm",rare,Multicolor
"Smaug, the Great Calamity",common,R
Snowslope Hunter,uncommon,R
Sound the Trumpets,uncommon,U
"Sting, Bilbo's Sword",rare,Colorless
Stir Up Trouble,common,B
Stone by Sunlight,uncommon,W
Stone-Giant of High Pass,rare,R
Stony-Voiced Goblins,common,B
Supper for Spiders,rare,B
The Arkenstone,mythic,W
The Black Arrow,uncommon,Colorless
The Chief Warg,uncommon,Multicolor
The Eagles Are Coming!,rare,W
The Great Goblin,rare,Multicolor
The Lonely Mountain,rare,R
The Lord of the Eagles,rare,U
The Master of Lake-town,rare,B
The Misty Mountains Cold,rare,R
The Mountain-king's Return,uncommon,W
The Notary Hobbits,rare,G
The Queen of Dale,mythic,W
The Sackville-Bagginses,rare,B
Thorin Oakenshield,uncommon,Multicolor
Thorin's Last Stand,common,W
"Thorin, Mountain-king",mythic,R
Thranduil's Company,rare,Multicolor
Thranduil's Decree,uncommon,U
"Thranduil, Sindarin Liege",uncommon,Multicolor
"Thranduil, the Elvenking",rare,Multicolor
Through the Forest Gate,rare,G
Thrór's Map,uncommon,Colorless
Tidings of War,common,R
"Tom, Bert, and William",rare,Multicolor
Troll Negotiations,uncommon,G
Troop of Ponies,uncommon,Colorless
Uncover the Moon-Letters,rare,U
Uneasy Partings,common,U
Velvetwing Butterflies,common,W
Vow to Erebor,common,W
Warg Tactics,common,G
Wargling,common,G
Well-Worn Spatula,common,Colorless
Wilderland Scrounger,uncommon,G
Wizard's Staff,rare,U
Wood Elves,common,G
Woodland Weavemaster,uncommon,G
Óin the Brave,common,R
